INSERT INTO `users` (`id`, `name`, `nickname`, `createdAt`, `updatedAt`, `deletedAt`, `isUsed`) VALUES ('11a4f472-f760-407b-9d06-a7b96be7846a', '사용자1', 'user1', '2025-03-26 07:50:35', '2025-03-26 07:50:35', NULL, 1);
INSERT INTO `users` (`id`, `name`, `nickname`, `createdAt`, `updatedAt`, `deletedAt`, `isUsed`) VALUES ('38be74a7-6804-421d-a351-7cd9c541269d', '사용자2', 'user2', '2025-03-26 07:50:35', '2025-03-26 07:50:35', NULL, 1);
INSERT INTO `users` (`id`, `name`, `nickname`, `createdAt`, `updatedAt`, `deletedAt`, `isUsed`) VALUES ('95108a5e-0cba-408f-8c91-213c58494d5a', '사용자3', 'user3', '2025-03-26 07:50:35', '2025-03-26 07:50:35', NULL, 1);
INSERT INTO `users` (`id`, `name`, `nickname`, `createdAt`, `updatedAt`, `deletedAt`, `isUsed`) VALUES ('948de584-5ac2-413e-836a-d166be417607', '사용자4', 'user4', '2025-03-26 07:50:35', '2025-03-26 07:50:35', NULL, 1);
INSERT INTO `users` (`id`, `name`, `nickname`, `createdAt`, `updatedAt`, `deletedAt`, `isUsed`) VALUES ('b37cb4cd-ee97-44b9-8a3c-1f57b81973ee', '사용자5', 'user5', '2025-03-26 07:50:35', '2025-03-26 07:50:35', NULL, 1);
INSERT INTO `users` (`id`, `name`, `nickname`, `createdAt`, `updatedAt`, `deletedAt`, `isUsed`) VALUES ('bf81743c-fa6b-460e-928f-101ef24dd2d2', '사용자6', 'user6', '2025-03-26 07:50:35', '2025-03-26 07:50:35', NULL, 1);
INSERT INTO `users` (`id`, `name`, `nickname`, `createdAt`, `updatedAt`, `deletedAt`, `isUsed`) VALUES ('a0fe4e25-7a4d-44f5-aa9b-b4d8f89260cf', '사용자7', 'user7', '2025-03-26 07:50:35', '2025-03-26 07:50:35', NULL, 1);
INSERT INTO `users` (`id`, `name`, `nickname`, `createdAt`, `updatedAt`, `deletedAt`, `isUsed`) VALUES ('fc596f7f-db56-4917-a36e-98a193ecc278', '사용자8', 'user8', '2025-03-26 07:50:35', '2025-03-26 07:50:35', NULL, 1);
INSERT INTO `users` (`id`, `name`, `nickname`, `createdAt`, `updatedAt`, `deletedAt`, `isUsed`) VALUES ('5304fa6f-9f08-4af6-9640-6707d056fc8f', '사용자9', 'user9', '2025-03-26 07:50:35', '2025-03-26 07:50:35', NULL, 1);
INSERT INTO `users` (`id`, `name`, `nickname`, `createdAt`, `updatedAt`, `deletedAt`, `isUsed`) VALUES ('e1b27b36-d732-45a9-a613-06b358d131cc', '사용자10', 'user10', '2025-03-26 07:50:35', '2025-03-26 07:50:35', NULL, 1);

INSERT INTO `categories` (`id`, `name`, `depth`, `createdAt`, `updatedAt`, `deletedAt`, `isUsed`, `user_id`, `target_category_id`) VALUES (1, '카테고리1', 1, '2025-03-26 07:50:35', '2025-03-26 07:50:35', NULL, 1, '11a4f472-f760-407b-9d06-a7b96be7846a', 1);
INSERT INTO `categories` (`id`, `name`, `depth`, `createdAt`, `updatedAt`, `deletedAt`, `isUsed`, `user_id`, `target_category_id`) VALUES (2, '카테고리2', 1, '2025-03-26 07:50:35', '2025-03-26 07:50:35', NULL, 1, '38be74a7-6804-421d-a351-7cd9c541269d', 2);
INSERT INTO `categories` (`id`, `name`, `depth`, `createdAt`, `updatedAt`, `deletedAt`, `isUsed`, `user_id`, `target_category_id`) VALUES (3, '카테고리3', 1, '2025-03-26 07:50:35', '2025-03-26 07:50:35', NULL, 1, '95108a5e-0cba-408f-8c91-213c58494d5a', 3);
INSERT INTO `categories` (`id`, `name`, `depth`, `createdAt`, `updatedAt`, `deletedAt`, `isUsed`, `user_id`, `target_category_id`) VALUES (4, '카테고리4', 1, '2025-03-26 07:50:35', '2025-03-26 07:50:35', NULL, 1, '948de584-5ac2-413e-836a-d166be417607', 4);
INSERT INTO `categories` (`id`, `name`, `depth`, `createdAt`, `updatedAt`, `deletedAt`, `isUsed`, `user_id`, `target_category_id`) VALUES (5, '카테고리5', 1, '2025-03-26 07:50:35', '2025-03-26 07:50:35', NULL, 1, 'b37cb4cd-ee97-44b9-8a3c-1f57b81973ee', 5);
INSERT INTO `categories` (`id`, `name`, `depth`, `createdAt`, `updatedAt`, `deletedAt`, `isUsed`, `user_id`, `target_category_id`) VALUES (6, '카테고리6', 1, '2025-03-26 07:50:35', '2025-03-26 07:50:35', NULL, 1, 'bf81743c-fa6b-460e-928f-101ef24dd2d2', 6);
INSERT INTO `categories` (`id`, `name`, `depth`, `createdAt`, `updatedAt`, `deletedAt`, `isUsed`, `user_id`, `target_category_id`) VALUES (7, '카테고리7', 1, '2025-03-26 07:50:35', '2025-03-26 07:50:35', NULL, 1, 'a0fe4e25-7a4d-44f5-aa9b-b4d8f89260cf', 7);
INSERT INTO `categories` (`id`, `name`, `depth`, `createdAt`, `updatedAt`, `deletedAt`, `isUsed`, `user_id`, `target_category_id`) VALUES (8, '카테고리8', 1, '2025-03-26 07:50:35', '2025-03-26 07:50:35', NULL, 1, 'fc596f7f-db56-4917-a36e-98a193ecc278', 8);
INSERT INTO `categories` (`id`, `name`, `depth`, `createdAt`, `updatedAt`, `deletedAt`, `isUsed`, `user_id`, `target_category_id`) VALUES (9, '카테고리9', 1, '2025-03-26 07:50:35', '2025-03-26 07:50:35', NULL, 1, '5304fa6f-9f08-4af6-9640-6707d056fc8f', 9);
INSERT INTO `categories` (`id`, `name`, `depth`, `createdAt`, `updatedAt`, `deletedAt`, `isUsed`, `user_id`, `target_category_id`) VALUES (10, '카테고리10', 1, '2025-03-26 07:50:35', '2025-03-26 07:50:35', NULL, 1, 'e1b27b36-d732-45a9-a613-06b358d131cc', 10);

INSERT INTO `posts` (`id`, `title`, `content`, `createdAt`, `updatedAt`, `deletedAt`, `isUsed`, `user_id`, `category_id`, `is_public`) VALUES (1, '제목1', '내용1', '2025-03-26 07:50:35', '2025-03-26 07:50:35', NULL, 1, '11a4f472-f760-407b-9d06-a7b96be7846a', 1, 1);
INSERT INTO `posts` (`id`, `title`, `content`, `createdAt`, `updatedAt`, `deletedAt`, `isUsed`, `user_id`, `category_id`, `is_public`) VALUES (2, '제목2', '내용2', '2025-03-26 07:50:35', '2025-03-26 07:50:35', NULL, 1, '38be74a7-6804-421d-a351-7cd9c541269d', 2, 1);
INSERT INTO `posts` (`id`, `title`, `content`, `createdAt`, `updatedAt`, `deletedAt`, `isUsed`, `user_id`, `category_id`, `is_public`) VALUES (3, '제목3', '내용3', '2025-03-26 07:50:35', '2025-03-26 07:50:35', NULL, 1, '95108a5e-0cba-408f-8c91-213c58494d5a', 3, 1);
INSERT INTO `posts` (`id`, `title`, `content`, `createdAt`, `updatedAt`, `deletedAt`, `isUsed`, `user_id`, `category_id`, `is_public`) VALUES (4, '제목4', '내용4', '2025-03-26 07:50:35', '2025-03-26 07:50:35', NULL, 1, '948de584-5ac2-413e-836a-d166be417607', 4, 1);
INSERT INTO `posts` (`id`, `title`, `content`, `createdAt`, `updatedAt`, `deletedAt`, `isUsed`, `user_id`, `category_id`, `is_public`) VALUES (5, '제목5', '내용5', '2025-03-26 07:50:35', '2025-03-26 07:50:35', NULL, 1, 'b37cb4cd-ee97-44b9-8a3c-1f57b81973ee', 5, 1);
INSERT INTO `posts` (`id`, `title`, `content`, `createdAt`, `updatedAt`, `deletedAt`, `isUsed`, `user_id`, `category_id`, `is_public`) VALUES (6, '제목6', '내용6', '2025-03-26 07:50:35', '2025-03-26 07:50:35', NULL, 1, 'bf81743c-fa6b-460e-928f-101ef24dd2d2', 6, 1);
INSERT INTO `posts` (`id`, `title`, `content`, `createdAt`, `updatedAt`, `deletedAt`, `isUsed`, `user_id`, `category_id`, `is_public`) VALUES (7, '제목7', '내용7', '2025-03-26 07:50:35', '2025-03-26 07:50:35', NULL, 1, 'a0fe4e25-7a4d-44f5-aa9b-b4d8f89260cf', 7, 1);
INSERT INTO `posts` (`id`, `title`, `content`, `createdAt`, `updatedAt`, `deletedAt`, `isUsed`, `user_id`, `category_id`, `is_public`) VALUES (8, '제목8', '내용8', '2025-03-26 07:50:35', '2025-03-26 07:50:35', NULL, 1, 'fc596f7f-db56-4917-a36e-98a193ecc278', 8, 1);
INSERT INTO `posts` (`id`, `title`, `content`, `createdAt`, `updatedAt`, `deletedAt`, `isUsed`, `user_id`, `category_id`, `is_public`) VALUES (9, '제목9', '내용9', '2025-03-26 07:50:35', '2025-03-26 07:50:35', NULL, 1, '5304fa6f-9f08-4af6-9640-6707d056fc8f', 9, 1);
INSERT INTO `posts` (`id`, `title`, `content`, `createdAt`, `updatedAt`, `deletedAt`, `isUsed`, `user_id`, `category_id`, `is_public`) VALUES (10, '제목10', '내용10', '2025-03-26 07:50:35', '2025-03-26 07:50:35', NULL, 1, 'e1b27b36-d732-45a9-a613-06b358d131cc', 10, 1);

INSERT INTO `comments` (`id`, `content`, `createdAt`, `updatedAt`, `deletedAt`, `isUsed`, `post_id`, `user_id`) VALUES (1, '댓글 내용1', '2025-03-26 07:50:35', '2025-03-26 07:50:35', NULL, 1, 1, '11a4f472-f760-407b-9d06-a7b96be7846a');
INSERT INTO `comments` (`id`, `content`, `createdAt`, `updatedAt`, `deletedAt`, `isUsed`, `post_id`, `user_id`) VALUES (2, '댓글 내용2', '2025-03-26 07:50:35', '2025-03-26 07:50:35', NULL, 1, 2, '38be74a7-6804-421d-a351-7cd9c541269d');
INSERT INTO `comments` (`id`, `content`, `createdAt`, `updatedAt`, `deletedAt`, `isUsed`, `post_id`, `user_id`) VALUES (3, '댓글 내용3', '2025-03-26 07:50:35', '2025-03-26 07:50:35', NULL, 1, 3, '95108a5e-0cba-408f-8c91-213c58494d5a');
INSERT INTO `comments` (`id`, `content`, `createdAt`, `updatedAt`, `deletedAt`, `isUsed`, `post_id`, `user_id`) VALUES (4, '댓글 내용4', '2025-03-26 07:50:35', '2025-03-26 07:50:35', NULL, 1, 4, '948de584-5ac2-413e-836a-d166be417607');
INSERT INTO `comments` (`id`, `content`, `createdAt`, `updatedAt`, `deletedAt`, `isUsed`, `post_id`, `user_id`) VALUES (5, '댓글 내용5', '2025-03-26 07:50:35', '2025-03-26 07:50:35', NULL, 1, 5, 'b37cb4cd-ee97-44b9-8a3c-1f57b81973ee');
INSERT INTO `comments` (`id`, `content`, `createdAt`, `updatedAt`, `deletedAt`, `isUsed`, `post_id`, `user_id`) VALUES (6, '댓글 내용6', '2025-03-26 07:50:35', '2025-03-26 07:50:35', NULL, 1, 6, 'bf81743c-fa6b-460e-928f-101ef24dd2d2');
INSERT INTO `comments` (`id`, `content`, `createdAt`, `updatedAt`, `deletedAt`, `isUsed`, `post_id`, `user_id`) VALUES (7, '댓글 내용7', '2025-03-26 07:50:35', '2025-03-26 07:50:35', NULL, 1, 7, 'a0fe4e25-7a4d-44f5-aa9b-b4d8f89260cf');
INSERT INTO `comments` (`id`, `content`, `createdAt`, `updatedAt`, `deletedAt`, `isUsed`, `post_id`, `user_id`) VALUES (8, '댓글 내용8', '2025-03-26 07:50:35', '2025-03-26 07:50:35', NULL, 1, 8, 'fc596f7f-db56-4917-a36e-98a193ecc278');
INSERT INTO `comments` (`id`, `content`, `createdAt`, `updatedAt`, `deletedAt`, `isUsed`, `post_id`, `user_id`) VALUES (9, '댓글 내용9', '2025-03-26 07:50:35', '2025-03-26 07:50:35', NULL, 1, 9, '5304fa6f-9f08-4af6-9640-6707d056fc8f');
INSERT INTO `comments` (`id`, `content`, `createdAt`, `updatedAt`, `deletedAt`, `isUsed`, `post_id`, `user_id`) VALUES (10, '댓글 내용10', '2025-03-26 07:50:35', '2025-03-26 07:50:35', NULL, 1, 10, 'e1b27b36-d732-45a9-a613-06b358d131cc');

INSERT INTO `replies` (`id`, `content`, `createdAt`, `updatedAt`, `deletedAt`, `isUsed`, `comment_id`, `user_id`) VALUES (1, '답글 내용1', '2025-03-26 07:50:35', '2025-03-26 07:50:35', NULL, 1, 1, '11a4f472-f760-407b-9d06-a7b96be7846a');
INSERT INTO `replies` (`id`, `content`, `createdAt`, `updatedAt`, `deletedAt`, `isUsed`, `comment_id`, `user_id`) VALUES (2, '답글 내용2', '2025-03-26 07:50:35', '2025-03-26 07:50:35', NULL, 1, 2, '38be74a7-6804-421d-a351-7cd9c541269d');
INSERT INTO `replies` (`id`, `content`, `createdAt`, `updatedAt`, `deletedAt`, `isUsed`, `comment_id`, `user_id`) VALUES (3, '답글 내용3', '2025-03-26 07:50:35', '2025-03-26 07:50:35', NULL, 1, 3, '95108a5e-0cba-408f-8c91-213c58494d5a');
INSERT INTO `replies` (`id`, `content`, `createdAt`, `updatedAt`, `deletedAt`, `isUsed`, `comment_id`, `user_id`) VALUES (4, '답글 내용4', '2025-03-26 07:50:35', '2025-03-26 07:50:35', NULL, 1, 4, '948de584-5ac2-413e-836a-d166be417607');
INSERT INTO `replies` (`id`, `content`, `createdAt`, `updatedAt`, `deletedAt`, `isUsed`, `comment_id`, `user_id`) VALUES (5, '답글 내용5', '2025-03-26 07:50:35', '2025-03-26 07:50:35', NULL, 1, 5, 'b37cb4cd-ee97-44b9-8a3c-1f57b81973ee');
INSERT INTO `replies` (`id`, `content`, `createdAt`, `updatedAt`, `deletedAt`, `isUsed`, `comment_id`, `user_id`) VALUES (6, '답글 내용6', '2025-03-26 07:50:35', '2025-03-26 07:50:35', NULL, 1, 6, 'bf81743c-fa6b-460e-928f-101ef24dd2d2');
INSERT INTO `replies` (`id`, `content`, `createdAt`, `updatedAt`, `deletedAt`, `isUsed`, `comment_id`, `user_id`) VALUES (7, '답글 내용7', '2025-03-26 07:50:35', '2025-03-26 07:50:35', NULL, 1, 7, 'a0fe4e25-7a4d-44f5-aa9b-b4d8f89260cf');
INSERT INTO `replies` (`id`, `content`, `createdAt`, `updatedAt`, `deletedAt`, `isUsed`, `comment_id`, `user_id`) VALUES (8, '답글 내용8', '2025-03-26 07:50:35', '2025-03-26 07:50:35', NULL, 1, 8, 'fc596f7f-db56-4917-a36e-98a193ecc278');
INSERT INTO `replies` (`id`, `content`, `createdAt`, `updatedAt`, `deletedAt`, `isUsed`, `comment_id`, `user_id`) VALUES (9, '답글 내용9', '2025-03-26 07:50:35', '2025-03-26 07:50:35', NULL, 1, 9, '5304fa6f-9f08-4af6-9640-6707d056fc8f');
INSERT INTO `replies` (`id`, `content`, `createdAt`, `updatedAt`, `deletedAt`, `isUsed`, `comment_id`, `user_id`) VALUES (10, '답글 내용10', '2025-03-26 07:50:35', '2025-03-26 07:50:35', NULL, 1, 10, 'e1b27b36-d732-45a9-a613-06b358d131cc');

INSERT INTO `notifications` (`id`, `message`, `state`, `createdAt`, `user_id`) VALUES (1, '알림 메시지1', 0, '2025-03-26 07:50:35', '11a4f472-f760-407b-9d06-a7b96be7846a');
INSERT INTO `notifications` (`id`, `message`, `state`, `createdAt`, `user_id`) VALUES (2, '알림 메시지2', 0, '2025-03-26 07:50:35', '38be74a7-6804-421d-a351-7cd9c541269d');
INSERT INTO `notifications` (`id`, `message`, `state`, `createdAt`, `user_id`) VALUES (3, '알림 메시지3', 0, '2025-03-26 07:50:35', '95108a5e-0cba-408f-8c91-213c58494d5a');
INSERT INTO `notifications` (`id`, `message`, `state`, `createdAt`, `user_id`) VALUES (4, '알림 메시지4', 0, '2025-03-26 07:50:35', '948de584-5ac2-413e-836a-d166be417607');
INSERT INTO `notifications` (`id`, `message`, `state`, `createdAt`, `user_id`) VALUES (5, '알림 메시지5', 0, '2025-03-26 07:50:35', 'b37cb4cd-ee97-44b9-8a3c-1f57b81973ee');
INSERT INTO `notifications` (`id`, `message`, `state`, `createdAt`, `user_id`) VALUES (6, '알림 메시지6', 0, '2025-03-26 07:50:35', 'bf81743c-fa6b-460e-928f-101ef24dd2d2');
INSERT INTO `notifications` (`id`, `message`, `state`, `createdAt`, `user_id`) VALUES (7, '알림 메시지7', 0, '2025-03-26 07:50:35', 'a0fe4e25-7a4d-44f5-aa9b-b4d8f89260cf');
INSERT INTO `notifications` (`id`, `message`, `state`, `createdAt`, `user_id`) VALUES (8, '알림 메시지8', 0, '2025-03-26 07:50:35', 'fc596f7f-db56-4917-a36e-98a193ecc278');
INSERT INTO `notifications` (`id`, `message`, `state`, `createdAt`, `user_id`) VALUES (9, '알림 메시지9', 0, '2025-03-26 07:50:35', '5304fa6f-9f08-4af6-9640-6707d056fc8f');
INSERT INTO `notifications` (`id`, `message`, `state`, `createdAt`, `user_id`) VALUES (10, '알림 메시지10', 0, '2025-03-26 07:50:35', 'e1b27b36-d732-45a9-a613-06b358d131cc');

INSERT INTO `subscriptions` (`id`, `createdAt`, `updatedAt`, `deletedAt`, `isUsed`, `user_id`, `target_id`, `is_alram`) VALUES (1, '2025-03-26 07:50:35', '2025-03-26 07:50:35', NULL, 1, '11a4f472-f760-407b-9d06-a7b96be7846a', '38be74a7-6804-421d-a351-7cd9c541269d', 1);
INSERT INTO `subscriptions` (`id`, `createdAt`, `updatedAt`, `deletedAt`, `isUsed`, `user_id`, `target_id`, `is_alram`) VALUES (2, '2025-03-26 07:50:35', '2025-03-26 07:50:35', NULL, 1, '38be74a7-6804-421d-a351-7cd9c541269d', '95108a5e-0cba-408f-8c91-213c58494d5a', 1);
INSERT INTO `subscriptions` (`id`, `createdAt`, `updatedAt`, `deletedAt`, `isUsed`, `user_id`, `target_id`, `is_alram`) VALUES (3, '2025-03-26 07:50:35', '2025-03-26 07:50:35', NULL, 1, '95108a5e-0cba-408f-8c91-213c58494d5a', '948de584-5ac2-413e-836a-d166be417607', 1);
INSERT INTO `subscriptions` (`id`, `createdAt`, `updatedAt`, `deletedAt`, `isUsed`, `user_id`, `target_id`, `is_alram`) VALUES (4, '2025-03-26 07:50:35', '2025-03-26 07:50:35', NULL, 1, '948de584-5ac2-413e-836a-d166be417607', 'b37cb4cd-ee97-44b9-8a3c-1f57b81973ee', 1);
INSERT INTO `subscriptions` (`id`, `createdAt`, `updatedAt`, `deletedAt`, `isUsed`, `user_id`, `target_id`, `is_alram`) VALUES (5, '2025-03-26 07:50:35', '2025-03-26 07:50:35', NULL, 1, 'b37cb4cd-ee97-44b9-8a3c-1f57b81973ee', 'bf81743c-fa6b-460e-928f-101ef24dd2d2', 1);
INSERT INTO `subscriptions` (`id`, `createdAt`, `updatedAt`, `deletedAt`, `isUsed`, `user_id`, `target_id`, `is_alram`) VALUES (6, '2025-03-26 07:50:35', '2025-03-26 07:50:35', NULL, 1, 'bf81743c-fa6b-460e-928f-101ef24dd2d2', 'a0fe4e25-7a4d-44f5-aa9b-b4d8f89260cf', 1);
INSERT INTO `subscriptions` (`id`, `createdAt`, `updatedAt`, `deletedAt`, `isUsed`, `user_id`, `target_id`, `is_alram`) VALUES (7, '2025-03-26 07:50:35', '2025-03-26 07:50:35', NULL, 1, 'a0fe4e25-7a4d-44f5-aa9b-b4d8f89260cf', 'fc596f7f-db56-4917-a36e-98a193ecc278', 1);
INSERT INTO `subscriptions` (`id`, `createdAt`, `updatedAt`, `deletedAt`, `isUsed`, `user_id`, `target_id`, `is_alram`) VALUES (8, '2025-03-26 07:50:35', '2025-03-26 07:50:35', NULL, 1, 'fc596f7f-db56-4917-a36e-98a193ecc278', '5304fa6f-9f08-4af6-9640-6707d056fc8f', 1);
INSERT INTO `subscriptions` (`id`, `createdAt`, `updatedAt`, `deletedAt`, `isUsed`, `user_id`, `target_id`, `is_alram`) VALUES (9, '2025-03-26 07:50:35', '2025-03-26 07:50:35', NULL, 1, '5304fa6f-9f08-4af6-9640-6707d056fc8f', 'e1b27b36-d732-45a9-a613-06b358d131cc', 1);
INSERT INTO `subscriptions` (`id`, `createdAt`, `updatedAt`, `deletedAt`, `isUsed`, `user_id`, `target_id`, `is_alram`) VALUES (10, '2025-03-26 07:50:35', '2025-03-26 07:50:35', NULL, 1, 'e1b27b36-d732-45a9-a613-06b358d131cc', '11a4f472-f760-407b-9d06-a7b96be7846a', 1);

INSERT INTO `visitor` (`id`, `createdAt`, `post_id`, `user_id`) VALUES (1, '2025-03-26 07:50:35', 1, '11a4f472-f760-407b-9d06-a7b96be7846a');
INSERT INTO `visitor` (`id`, `createdAt`, `post_id`, `user_id`) VALUES (2, '2025-03-26 07:50:35', 2, '38be74a7-6804-421d-a351-7cd9c541269d');
INSERT INTO `visitor` (`id`, `createdAt`, `post_id`, `user_id`) VALUES (3, '2025-03-26 07:50:35', 3, '95108a5e-0cba-408f-8c91-213c58494d5a');
INSERT INTO `visitor` (`id`, `createdAt`, `post_id`, `user_id`) VALUES (4, '2025-03-26 07:50:35', 4, '948de584-5ac2-413e-836a-d166be417607');
INSERT INTO `visitor` (`id`, `createdAt`, `post_id`, `user_id`) VALUES (5, '2025-03-26 07:50:35', 5, 'b37cb4cd-ee97-44b9-8a3c-1f57b81973ee');
INSERT INTO `visitor` (`id`, `createdAt`, `post_id`, `user_id`) VALUES (6, '2025-03-26 07:50:35', 6, 'bf81743c-fa6b-460e-928f-101ef24dd2d2');
INSERT INTO `visitor` (`id`, `createdAt`, `post_id`, `user_id`) VALUES (7, '2025-03-26 07:50:35', 7, 'a0fe4e25-7a4d-44f5-aa9b-b4d8f89260cf');
INSERT INTO `visitor` (`id`, `createdAt`, `post_id`, `user_id`) VALUES (8, '2025-03-26 07:50:35', 8, 'fc596f7f-db56-4917-a36e-98a193ecc278');
INSERT INTO `visitor` (`id`, `createdAt`, `post_id`, `user_id`) VALUES (9, '2025-03-26 07:50:35', 9, '5304fa6f-9f08-4af6-9640-6707d056fc8f');
INSERT INTO `visitor` (`id`, `createdAt`, `post_id`, `user_id`) VALUES (10, '2025-03-26 07:50:35', 10, 'e1b27b36-d732-45a9-a613-06b358d131cc');

INSERT INTO `bookmarks` (`id`, `name`, `createdAt`, `updatedAt`, `deletedAt`, `isUsed`, `user_id`, `post_id`) VALUES (1, '즐겨찾기1', '2025-03-26 07:50:35', '2025-03-26 07:50:35', NULL, 1, '11a4f472-f760-407b-9d06-a7b96be7846a', 1);
INSERT INTO `bookmarks` (`id`, `name`, `createdAt`, `updatedAt`, `deletedAt`, `isUsed`, `user_id`, `post_id`) VALUES (2, '즐겨찾기2', '2025-03-26 07:50:35', '2025-03-26 07:50:35', NULL, 1, '38be74a7-6804-421d-a351-7cd9c541269d', 2);
INSERT INTO `bookmarks` (`id`, `name`, `createdAt`, `updatedAt`, `deletedAt`, `isUsed`, `user_id`, `post_id`) VALUES (3, '즐겨찾기3', '2025-03-26 07:50:35', '2025-03-26 07:50:35', NULL, 1, '95108a5e-0cba-408f-8c91-213c58494d5a', 3);
INSERT INTO `bookmarks` (`id`, `name`, `createdAt`, `updatedAt`, `deletedAt`, `isUsed`, `user_id`, `post_id`) VALUES (4, '즐겨찾기4', '2025-03-26 07:50:35', '2025-03-26 07:50:35', NULL, 1, '948de584-5ac2-413e-836a-d166be417607', 4);
INSERT INTO `bookmarks` (`id`, `name`, `createdAt`, `updatedAt`, `deletedAt`, `isUsed`, `user_id`, `post_id`) VALUES (5, '즐겨찾기5', '2025-03-26 07:50:35', '2025-03-26 07:50:35', NULL, 1, 'b37cb4cd-ee97-44b9-8a3c-1f57b81973ee', 5);
INSERT INTO `bookmarks` (`id`, `name`, `createdAt`, `updatedAt`, `deletedAt`, `isUsed`, `user_id`, `post_id`) VALUES (6, '즐겨찾기6', '2025-03-26 07:50:35', '2025-03-26 07:50:35', NULL, 1, 'bf81743c-fa6b-460e-928f-101ef24dd2d2', 6);
INSERT INTO `bookmarks` (`id`, `name`, `createdAt`, `updatedAt`, `deletedAt`, `isUsed`, `user_id`, `post_id`) VALUES (7, '즐겨찾기7', '2025-03-26 07:50:35', '2025-03-26 07:50:35', NULL, 1, 'a0fe4e25-7a4d-44f5-aa9b-b4d8f89260cf', 7);
INSERT INTO `bookmarks` (`id`, `name`, `createdAt`, `updatedAt`, `deletedAt`, `isUsed`, `user_id`, `post_id`) VALUES (8, '즐겨찾기8', '2025-03-26 07:50:35', '2025-03-26 07:50:35', NULL, 1, 'fc596f7f-db56-4917-a36e-98a193ecc278', 8);
INSERT INTO `bookmarks` (`id`, `name`, `createdAt`, `updatedAt`, `deletedAt`, `isUsed`, `user_id`, `post_id`) VALUES (9, '즐겨찾기9', '2025-03-26 07:50:35', '2025-03-26 07:50:35', NULL, 1, '5304fa6f-9f08-4af6-9640-6707d056fc8f', 9);
INSERT INTO `bookmarks` (`id`, `name`, `createdAt`, `updatedAt`, `deletedAt`, `isUsed`, `user_id`, `post_id`) VALUES (10, '즐겨찾기10', '2025-03-26 07:50:35', '2025-03-26 07:50:35', NULL, 1, 'e1b27b36-d732-45a9-a613-06b358d131cc', 10);